"id","bd_swab_id","basin","site_id","bd_established","visit_date","species","capture_life_stage","sex_swabbing","length","weight","bd_load","log_bd_its","bd_status","location","frog_utme","frog_utmn","jurisdiction","wilderness","area","depth","elevation","lake_utme","lake_utmn","co_occurrence","observed_features","shannon_entropy","faith_pd","pielou_evenness"
"KMMB0001","KMBD0001","Matlock","50837","naive","7/7/23","ramu","adult","m",62,21,NA,NA,"negative","lake",NA,NA,"inyo-nf","john-muir",36270,NA,3219,NA,NA,"single",129,4.38337540360702,12.1830932597498,0.625193741968132
"KMMB0002","KMBD0002","Matlock","50837","naive","7/7/23","ramu","adult","m",60,21,NA,NA,"negative","lake",NA,NA,"inyo-nf","john-muir",36270,NA,3219,NA,NA,"single",261,5.74357333579435,19.3926773584229,0.715450995346536
"KMMB0003","KMBD0003","Matlock","50837","naive","7/7/23","ramu","adult","m",55,16,NA,NA,"negative","lake",NA,NA,"inyo-nf","john-muir",36270,NA,3219,NA,NA,"single",254,3.93190387665101,21.6872472872119,0.49218413679057
"KMMB0004","KMBD0004","Matlock","50837","naive","7/7/23","ramu","adult","f",72,35,NA,NA,"negative","lake",NA,NA,"inyo-nf","john-muir",36270,NA,3219,NA,NA,"single",166,3.71975831439034,16.6457882959821,0.504371312047479
"KMMB0005","KMBD0005","Matlock","50837","naive","7/7/23","ramu","adult","m",60,20,NA,NA,"negative","lake",NA,NA,"inyo-nf","john-muir",36270,NA,3219,NA,NA,"single",305,5.48480007848091,24.5104681633252,0.664609528082183
"KMMB0006","KMBD0006","Matlock","50837","naive","7/7/23","ramu","adult","m",56,20,NA,NA,"negative","lake",NA,NA,"inyo-nf","john-muir",36270,NA,3219,NA,NA,"single",567,7.5796836423784,43.8382012321985,0.828633850949422
"KMMB0007","KMBD0007","Matlock","50837","naive","7/7/23","ramu","adult","m",53,16,NA,NA,"negative","lake",NA,NA,"inyo-nf","john-muir",36270,NA,3219,NA,NA,"single",373,5.30086555424925,30.0198755667007,0.620489969577437
"KMMB0008","KMBD0008","Matlock","50837","naive","7/7/23","ramu","adult","m",56,16,NA,NA,"negative","lake",NA,NA,"inyo-nf","john-muir",36270,NA,3219,NA,NA,"single",298,3.98673045064114,25.6890434409327,0.485052769111122
"KMMB0009","KMBD0009","Matlock","50837","naive","7/7/23","ramu","adult","m",57,20,NA,NA,"negative","lake",NA,NA,"inyo-nf","john-muir",36270,NA,3219,NA,NA,"single",318,6.48244361481265,28.8783314721003,0.779806915324349
"KMMB0010","KMBD0010","Matlock","50837","naive","7/7/23","ramu","adult","m",67,24,NA,NA,"negative","fringing",NA,NA,"inyo-nf","john-muir",36270,NA,3219,NA,NA,"single",508,7.17111004136297,36.210032627894,0.797793035494508
"KMMB0011","KMBD0011","Matlock","50837","naive","7/7/23","ramu","adult","m",53,16,NA,NA,"negative","fringing",NA,NA,"inyo-nf","john-muir",36270,NA,3219,NA,NA,"single",380,6.49907906090381,29.4489274231384,0.758365059801697
"KMMB0012","KMBD0012","Matlock","50837","naive","7/7/23","ramu","adult","m",57,17,NA,NA,"negative","fringing",NA,NA,"inyo-nf","john-muir",36270,NA,3219,NA,NA,"single",438,7.34357875250367,31.1228682186725,0.836895380209654
"KMMB0013","KMBD0013","Independence","51797","naive","7/8/23","ramu","adult","m",63,21,NA,NA,"negative","lake",NA,NA,"inyo-nf","john-muir",NA,NA,3208,NA,NA,"single",443,6.70933205800718,29.9420502846264,0.763190506541732
"KMMB0014","KMBD0014","Independence","51797","naive","7/8/23","ramu","adult","m",55,20,NA,NA,"negative","lake",NA,NA,"inyo-nf","john-muir",NA,NA,3208,NA,NA,"single",30,0.363162977826346,4.19871509857038,0.0740108161676486
"KMMB0015","KMBD0015","Independence","51797","naive","7/8/23","ramu","adult","m",64,23,NA,NA,"negative","lake",NA,NA,"inyo-nf","john-muir",NA,NA,3208,NA,NA,"single",166,3.01965038388676,15.2733259524042,0.40944193071728
"KMMB0016","KMBD0016","Independence","51797","naive","7/8/23","ramu","adult","m",56,16,NA,NA,"negative","lake",NA,NA,"inyo-nf","john-muir",NA,NA,3208,NA,NA,"single",150,2.43687948410698,14.9914781176544,0.337106184072769
"KMMB0017","KMBD0017","Independence","51797","naive","7/8/23","ramu","adult","m",60,21,NA,NA,"negative","lake",NA,NA,"inyo-nf","john-muir",NA,NA,3208,NA,NA,"single",266,5.44183511292277,23.4935805332023,0.675561056548378
"KMMB0018","KMBD0018","Independence","51797","naive","7/8/23","ramu","adult","m",57,19,NA,NA,"negative","lake",NA,NA,"inyo-nf","john-muir",NA,NA,3208,NA,NA,"single",268,6.11259543646946,23.483839384432,0.757814015210828
"KMMB0019","KMBD0019","Independence","51797","naive","7/8/23","ramu","adult","m",61,23,NA,NA,"negative","lake",NA,NA,"inyo-nf","john-muir",NA,NA,3208,NA,NA,"single",269,5.42773548012369,22.0057763024767,0.672459987585751
"KMMB0020","KMBD0020","Independence","51797","naive","7/8/23","ramu","adult","m",56,16,NA,NA,"negative","lake",NA,NA,"inyo-nf","john-muir",NA,NA,3208,NA,NA,"single",208,3.9676088718929,15.2855064745922,0.51524445578683
"KMMB0021","KMBD0021","Independence","51797","naive","7/8/23","ramu","adult","m",67,26,NA,NA,"negative","lake",NA,NA,"inyo-nf","john-muir",NA,NA,3208,NA,NA,"single",273,5.63549697575002,23.3723967172914,0.696363041373742
"KMMB0023","KMBD0023","Independence","51797","naive","7/8/23","ramu","adult","m",57,21,NA,NA,"negative","lake",NA,NA,"inyo-nf","john-muir",NA,NA,3208,NA,NA,"single",373,6.14895831150968,29.0150828897138,0.719763011643092
"KMMB0024","KMBD0024","Independence","51797","naive","7/8/23","ramu","adult","m",60,20,NA,NA,"negative","lake",NA,NA,"inyo-nf","john-muir",NA,NA,3208,NA,NA,"single",490,6.91810161235383,30.6671725619348,0.774127995290136
"KMMB0025","KMBD0025","Rock Creek","50356","present","7/12/23","hyre","adult","m",36,4,1125.7,3.051422666,"positive","lake",348436,4145339,"inyo-nf","john-muir",12839,2.5,3169,348483,4145360,"single",663,7.82353982492196,51.0903992072882,0.834700998546968
"KMMB0026","KMBD0026","Rock Creek","50356","present","7/12/23","hyre","adult","m",35,3,NA,NA,"negative","lake",348441,4145343,"inyo-nf","john-muir",12839,2.5,3169,348483,4145360,"single",151,3.97355893517767,17.3174655658055,0.548955063757346
"KMMB0027","KMBD0027","Rock Creek","50356","present","7/12/23","hyre","adult","m",37,4,73707.2,4.867509913,"positive","fringing",348425,4145326,"inyo-nf","john-muir",12839,2.5,3169,348483,4145360,"single",220,5.28795111679599,23.8524666699646,0.679566465434709
"KMMB0028","KMBD0028","Rock Creek","50356","present","7/12/23","hyre","adult","m",39,5,96114.9,4.982790718,"positive","fringing",348425,4145326,"inyo-nf","john-muir",12839,2.5,3169,348483,4145360,"single",294,5.07023443642503,31.8861789131201,0.618345980570546
"KMMB0029","KMBD0029","Rock Creek","50356","present","7/12/23","hyre","adult","m",40,5,19024.5,4.279313252,"positive","fringing",348425,4145326,"inyo-nf","john-muir",12839,2.5,3169,348483,4145360,"single",228,4.80529888495259,26.2010481146546,0.613477129930695
"KMMB0030","KMBD0030","Rock Creek","50356","present","7/12/23","hyre","adult","m",34,3,1965,3.293362555,"positive","fringing",348425,4145326,"inyo-nf","john-muir",12839,2.5,3169,348483,4145360,"single",135,3.74316261032287,16.5984340225633,0.528933184564366
"KMMB0031","KMBD0031","Rock Creek","50356","present","7/12/23","hyre","adult","m",35,4,136414.7,5.134861172,"positive","lake",348434,4145343,"inyo-nf","john-muir",12839,2.5,3169,348483,4145360,"single",136,3.6553301107015,16.1572627492982,0.515745929478008
"KMMB0032","KMBD0032","Rock Creek","50356","present","7/12/23","hyre","adult","m",36,4,2235.8,3.349432952,"positive","fringing",348425,4145326,"inyo-nf","john-muir",12839,2.5,3169,348483,4145360,"single",559,7.64783697993417,40.717241794958,0.837962596761028
"KMMB0033","KMBD0033","Rock Creek","50356","present","7/12/23","hyre","adult","m",38,5,38893.5,4.589877027,"positive","fringing",348425,4145326,"inyo-nf","john-muir",12839,2.5,3169,348483,4145360,"single",206,4.73873411481318,23.0683359231898,0.616500850816923
"KMMB0034","KMBD0034","Rock Creek","50356","present","7/12/23","hyre","subadult",NA,21,1,NA,NA,"negative","fringing",348586,4145155,"inyo-nf","john-muir",12839,2.5,3169,348483,4145360,"single",415,6.61046494353867,36.4221835865401,0.760088493328081
"KMMB0035","KMBD0035","Forester","11009","naive","7/19/23","ramu","adult","m",48,13,NA,NA,"negative","lake",NA,NA,"kings-canyon","kings-canyon",2408,3.5,3430,NA,NA,"single",41,1.56339762615966,6.84173721399636,0.29181193664794
"KMMB0036","KMBD0036","Forester","11009","naive","7/19/23","ramu","adult",NA,50,14,NA,NA,"negative","lake",NA,NA,"kings-canyon","kings-canyon",2408,3.5,3430,NA,NA,"single",122,2.62747086501287,13.9281229013295,0.379104089080483
"KMMB0037","KMBD0037","Forester","11009","naive","7/19/23","ramu","adult","m",55,16,NA,NA,"negative","lake",NA,NA,"kings-canyon","kings-canyon",2408,3.5,3430,NA,NA,"single",103,2.5477542668692,12.595125608959,0.381029546997206
"KMMB0038","KMBD0038","Forester","11009","naive","7/19/23","ramu","adult","m",57,19,NA,NA,"negative","lake",NA,NA,"kings-canyon","kings-canyon",2408,3.5,3430,NA,NA,"single",86,2.52806295765376,12.9420914501192,0.393395394393605
"KMMB0039","KMBD0039","Forester","11009","naive","7/19/23","ramu","adult","m",55,19,NA,NA,"negative","lake",NA,NA,"kings-canyon","kings-canyon",2408,3.5,3430,NA,NA,"single",84,2.60765312236901,11.2722404999321,0.407935487226705
"KMMB0040","KMBD0040","Forester","11009","naive","7/19/23","ramu","adult","m",53,16,NA,NA,"negative","lake",NA,NA,"kings-canyon","kings-canyon",2408,3.5,3430,NA,NA,"single",197,2.41996840041125,25.4610148187731,0.317495663599916
"KMMB0041","KMBD0041","Forester","11009","naive","7/19/23","ramu","adult","f",61,22,NA,NA,"negative","lake",NA,NA,"kings-canyon","kings-canyon",2408,3.5,3430,NA,NA,"single",29,1.56337459463629,5.52562875407394,0.321815708254995
"KMMB0042","KMBD0042","Forester","11009","naive","7/19/23","ramu","adult","f",52,14,NA,NA,"negative","lake",NA,NA,"kings-canyon","kings-canyon",2408,3.5,3430,NA,NA,"single",26,1.2649039944283,4.74025186303715,0.269103332938505
"KMMB0043","KMBD0043","Forester","11009","naive","7/19/23","ramu","adult","f",61,20,NA,NA,"negative","lake",NA,NA,"kings-canyon","kings-canyon",2408,3.5,3430,NA,NA,"single",33,1.50497476041923,5.34170431749157,0.298345990580655
"KMMB0044","KMBD0044","Forester","11009","naive","7/19/23","ramu","adult","f",53,15,NA,NA,"negative","lake",NA,NA,"kings-canyon","kings-canyon",2408,3.5,3430,NA,NA,"single",48,1.49802029955871,9.1782340107487,0.26822387784435
"KMMB0050","KMBD0050","Forester","11008","naive","7/19/23","hyre","adult","m",37,4,NA,NA,"negative","lake",NA,NA,"kings-canyon","kings-canyon",1987,3,3435,NA,NA,"cooccurring",207,5.07688508031453,21.5706339227513,0.659893895753703
"KMMB0051","KMBD0051","Forester","11008","naive","7/19/23","ramu","adult","f",47,11,NA,NA,"negative","lake",NA,NA,"kings-canyon","kings-canyon",1987,3,3435,NA,NA,"cooccurring",182,4.67694763939132,18.4370668739456,0.622945600343105
"KMMB0052","KMBD0052","Forester","11008","naive","7/19/23","hyre","adult","m",48,4,NA,NA,"negative","lake",NA,NA,"kings-canyon","kings-canyon",1987,3,3435,NA,NA,"cooccurring",498,6.4649334646047,39.9177905356539,0.721532597160112
"KMMB0053","KMBD0053","Forester","11008","naive","7/19/23","hyre","adult","m",40,5,NA,NA,"negative","lake",NA,NA,"kings-canyon","kings-canyon",1987,3,3435,NA,NA,"cooccurring",378,5.56939535542693,39.9783540741775,0.650459900512989
"KMMB0054","KMBD0054","Forester","11008","naive","7/19/23","hyre","adult","m",35,3,NA,NA,"negative","lake",NA,NA,"kings-canyon","kings-canyon",1987,3,3435,NA,NA,"cooccurring",584,7.48869680187284,37.4358675945664,0.814890072589754
"KMMB0055","KMBD0055","Forester","11008","naive","7/19/23","hyre","adult","m",34,3,NA,NA,"negative","fringing",NA,NA,"kings-canyon","kings-canyon",1987,3,3435,NA,NA,"cooccurring",215,4.82029646348732,22.2635043455095,0.622118803321051
"KMMB0056","KMBD0056","Forester","11008","naive","7/19/23","hyre","adult","m",39,5,NA,NA,"negative","lake",NA,NA,"kings-canyon","kings-canyon",1987,3,3435,NA,NA,"cooccurring",170,4.38341659435552,20.9762738806216,0.591602822976494
"KMMB0057","KMBD0057","Forester","11008","naive","7/19/23","hyre","adult","m",36,4,NA,NA,"negative","lake",NA,NA,"kings-canyon","kings-canyon",1987,3,3435,NA,NA,"cooccurring",150,4.37762353735591,19.9730276017965,0.605579379534226
"KMMB0058","KMBD0058","Forester","11008","naive","7/19/23","hyre","adult","m",39,6,NA,NA,"negative","lake",NA,NA,"kings-canyon","kings-canyon",1987,3,3435,NA,NA,"cooccurring",287,5.26581629546234,30.0011874934779,0.64493280116376
"KMMB0059","KMBD0059","Forester","11008","naive","7/19/23","hyre","adult","m",36,4,NA,NA,"negative","lake",NA,NA,"kings-canyon","kings-canyon",1987,3,3435,NA,NA,"cooccurring",156,3.24067387182984,17.1576814436607,0.444817427298602
"KMMB0060","KMBD0060","Forester","11008","naive","7/19/23","hyre","adult","m",42,7,NA,NA,"negative","lake",NA,NA,"kings-canyon","kings-canyon",1987,3,3435,NA,NA,"cooccurring",310,5.09272641837641,26.3053687989786,0.615351602874758
"KMMB0061","KMBD0061","Forester","11008","naive","7/19/23","hyre","adult","f",43,9,NA,NA,"negative","lake",NA,NA,"kings-canyon","kings-canyon",1987,3,3435,NA,NA,"cooccurring",501,6.44746101500212,46.8657871377107,0.718887340077568
"KMMB0062","KMBD0062","Forester","11008","naive","7/19/23","ramu","adult","f",58,22,NA,NA,"negative","lake",NA,NA,"kings-canyon","kings-canyon",1987,3,3435,NA,NA,"cooccurring",226,4.29042540969725,23.8229027945482,0.5486351949639
"KMMB0063","KMBD0063","Forester","11008","naive","7/19/23","ramu","adult","f",75,45,NA,NA,"negative","lake",NA,NA,"kings-canyon","kings-canyon",1987,3,3435,NA,NA,"cooccurring",168,3.96963450426596,20.8756459692691,0.536994595501796
"KMMB0064","KMBD0064","Forester","11008","naive","7/19/23","ramu","adult","f",64,28,NA,NA,"negative","lake",NA,NA,"kings-canyon","kings-canyon",1987,3,3435,NA,NA,"cooccurring",52,2.55500833287997,6.65923115457201,0.448212499247893
"KMMB0065","KMBD0065","Forester","11008","naive","7/19/23","ramu","subadult",NA,37,7,NA,NA,"negative","lake",NA,NA,"kings-canyon","kings-canyon",1987,3,3435,NA,NA,"cooccurring",99,4.22887781268742,10.7874287428706,0.637901693186727
"KMMB0066","KMBD0066","Forester","11008","naive","7/19/23","ramu","subadult",NA,38,7,NA,NA,"negative","lake",NA,NA,"kings-canyon","kings-canyon",1987,3,3435,NA,NA,"cooccurring",143,3.22511057850145,19.4377114262391,0.450442532666041
"KMMB0067","KMBD0067","Forester","11008","naive","7/19/23","ramu","adult","m",63,26,NA,NA,"negative","lake",NA,NA,"kings-canyon","kings-canyon",1987,3,3435,NA,NA,"cooccurring",136,3.78789280697946,17.6246136133571,0.534449758936756
"KMMB0073","KMBD0073","Tyndall","20135","present","7/20/23","hyre","adult","m",41,5,146.7,2.166430114,"positive","inlet",376411,4055575,"sequoia","sequoia",8055,2,3380,376313,4055393,"single",912,8.67989308470472,67.9102729959619,0.88274078853734
"KMMB0074","KMBD0074","Tyndall","20135","present","7/20/23","hyre","adult","f",37,4,4575.4,3.660429068,"positive","fringing",376387,4055544,"sequoia","sequoia",8055,2,3380,376313,4055393,"single",294,5.71156501178126,27.9393980492699,0.69656015162338
"KMMB0075","KMBD0075","Tyndall","20135","present","7/20/23","hyre","adult","m",37,4,959.9,2.982225992,"positive","fringing",376387,4055544,"sequoia","sequoia",8055,2,3380,376313,4055393,"single",328,6.08315795362097,29.0194206003516,0.727863607699915
"KMMB0076","KMBD0076","Tyndall","20135","present","7/20/23","hyre","adult","m",38,5,NA,NA,"negative","fringing",376409,4055536,"sequoia","sequoia",8055,2,3380,376313,4055393,"single",262,4.74712529108731,30.0730402952507,0.590921863591497
"KMMB0077","KMBD0077","Tyndall","20135","present","7/20/23","hyre","adult","m",38,5,155.2,2.190891717,"positive","lake",376377,4055541,"sequoia","sequoia",8055,2,3380,376313,4055393,"single",330,5.59146761918737,35.3794164042087,0.668330417595734
"KMMB0078","KMBD0078","Tyndall","20135","present","7/20/23","hyre","subadult",NA,20,0,198.3,2.297322714,"positive","outlet",376207,4055262,"sequoia","sequoia",8055,2,3380,376313,4055393,"single",327,5.46538071644727,31.9457383232321,0.654290033519359
"KMMB0079","KMBD0079","Tyndall","20135","present","7/20/23","hyre","adult","m",36,4,115589.8,5.062919512,"positive","lake",376214,4055238,"sequoia","sequoia",8055,2,3380,376313,4055393,"single",228,4.78706497570479,22.6073211791215,0.611149265092197
"KMMB0080","KMBD0080","Tyndall","20135","present","7/20/23","hyre","adult","f",40,5,NA,NA,"negative","lake",376349,4055392,"sequoia","sequoia",8055,2,3380,376313,4055393,"single",300,5.86072879408095,26.2768738945239,0.712219944868876
"KMMB0081","KMBD0081","Tyndall","20135","present","7/20/23","hyre","adult","m",38,4,461095.5,5.663790884,"positive","inlet",376424,4055582,"sequoia","sequoia",8055,2,3380,376313,4055393,"single",406,6.0101138338551,41.153715838781,0.693581171150652
"KMMB0082","KMBD0082","Tyndall","20135","present","7/20/23","hyre","adult","m",37,4,15084,4.178516524,"positive","inlet",376424,4055582,"sequoia","sequoia",8055,2,3380,376313,4055393,"single",767,7.47516442576033,61.3645280472149,0.780037552332248
"KMMB0083","KMBD0083","Tyndall","22015","present","7/22/23","hyre","adult","m",32,4,246.6,2.391993072,"positive","lake",374704,4056137,"sequoia","sequoia",22197,NA,3390,374658,4056119,"single",214,4.36942843481059,23.409439382982,0.564418661538703
"KMMB0084","KMBD0084","Tyndall","22015","present","7/22/23","hyre","adult","m",35,6,974.2,2.988648125,"positive","fringing",374705,4056134,"sequoia","sequoia",22197,NA,3390,374658,4056119,"single",71,2.92447811294942,10.6451853280226,0.475544450222038
"KMMB0085","KMBD0085","Tyndall","22015","present","7/22/23","hyre","adult","m",36,5,1530.8,3.184918454,"positive","lake",374716,4056169,"sequoia","sequoia",22197,NA,3390,374658,4056119,"single",204,4.71391043016856,21.146405886129,0.614396389676342
"KMMB0086","KMBD0086","Tyndall","22015","present","7/22/23","hyre","adult","m",36,4,156.5,2.194514342,"positive","lake",374717,4056179,"sequoia","sequoia",22197,NA,3390,374658,4056119,"single",298,5.0867401939594,30.4309338593679,0.618887443577246
"KMMB0087","KMBD0087","Tyndall","22015","present","7/22/23","hyre","adult","m",36,4,150793.6,5.17838291,"positive","lake",374724,4056187,"sequoia","sequoia",22197,NA,3390,374658,4056119,"single",175,3.94085953585269,20.0445029466386,0.528888455407566
"KMMB0090","KMBD0090","Tyndall","22015","present","7/22/23","hyre","adult","m",36,4,834.7,2.921530414,"positive","lake",374719,4056181,"sequoia","sequoia",22197,NA,3390,374658,4056119,"single",379,5.86749679052375,37.9434456663034,0.684970788694265
"KMMB0091","KMBD0091","Tyndall","22015","present","7/22/23","hyre","adult","m",36,4,4898.2,3.690036514,"positive","lake",374717,4086179,"sequoia","sequoia",22197,NA,3390,374658,4056119,"single",745,7.69743437449783,56.5640124064961,0.806766211979695
"KMMB0092","KMBD0092","Tyndall","22015","present","7/22/23","hyre","adult","m",38,5,114442.8,5.058588475,"positive","lake",374711,4056170,"sequoia","sequoia",22197,NA,3390,374658,4056119,"single",361,5.55625986687976,34.472896534548,0.653996548822413
"KMMB0093","KMBD0093","Tyndall","22015","present","7/22/23","hyre","adult","m",37,5,NA,NA,"negative","lake",374715,4056177,"sequoia","sequoia",22197,NA,3390,374658,4056119,"single",200,4.55954534058167,21.0746990206781,0.596498053780896
"KMMB0094","KMBD0094","Tyndall","22015","present","7/22/23","hyre","adult","m",40,5,118776.3,5.074729792,"positive","lake",374715,4056177,"sequoia","sequoia",22197,NA,3390,374658,4056119,"single",286,5.1898288645463,28.3193350382151,0.636018467736687
"KMMB0095","KMBD0095","Tyndall","22015","present","7/22/23","hyre","adult","m",34,4,39078.3,4.591935663,"positive","lake",374742,4056170,"sequoia","sequoia",22197,NA,3390,374658,4056119,"single",473,6.06899572262245,42.7793354824706,0.683007326339874
"KMMB0096","KMBD0096","Tyndall","22015","present","7/22/23","hyre","adult","m",36,4,NA,NA,"negative","lake",374742,4056170,"sequoia","sequoia",22197,NA,3390,374658,4056119,"single",282,5.27020191794713,30.4006017695972,0.647480639875066
"KMMB0097","KMBD0097","Tyndall","22015","present","7/22/23","hyre","adult","m",34,4,114.6,2.059184618,"positive","lake",374727,4056150,"sequoia","sequoia",22197,NA,3390,374658,4056119,"single",233,4.66616170526144,27.6083138382389,0.593343242317998
"KMMB0098","KMBD0098","Tyndall","22015","present","7/22/23","hyre","adult","m",34,4,1476.7,3.169292275,"positive","lake",374727,4056150,"sequoia","sequoia",22197,NA,3390,374658,4056119,"single",145,3.24790393235996,17.3512996641265,0.452360035710871
"KMMB0099","KMBD0099","Tyndall","22015","present","7/22/23","hyre","adult","m",35,4,34416.7,4.536769226,"positive","lake",374715,4056177,"sequoia","sequoia",22197,NA,3390,374658,4056119,"single",183,4.08595111348104,19.5306182057016,0.543655441462378
"KMMB0101","KMBD0101","Trapdoor","54188","present","7/26/23","hyre","adult","m",37,4,20329.1,4.308118152,"positive","lake",348102,4124353,"sierra-nf","john-muir",43,0.5,3395,348060,4124360,"cooccurring",433,5.4646981645077,34.9413818112759,0.623950546877928
"KMMB0102","KMBD0102","Trapdoor","54188","present","7/26/23","hyre","adult","m",36,4,873.7,2.941362336,"positive","lake",348114,4124375,"sierra-nf","john-muir",43,0.5,3395,348060,4124360,"cooccurring",224,5.19910808786465,17.6080039753339,0.665924393058647
"KMMB0103","KMBD0103","Trapdoor","54188","present","7/26/23","hyre","adult","m",36,4,392727.2,5.594090981,"positive","lake",348101,4124353,"sierra-nf","john-muir",43,0.5,3395,348060,4124360,"cooccurring",496,6.292861455157,44.6766808250584,0.702783503624694
"KMMB0104","KMBD0104","Trapdoor","54188","present","7/26/23","hyre","adult","m",37,5,107556.7,5.031637469,"positive","lake",348101,4124353,"sierra-nf","john-muir",43,0.5,3395,348060,4124360,"cooccurring",290,5.63348245835488,25.5685017133953,0.688697441054885
"KMMB0105","KMBD0105","Trapdoor","54188","present","7/26/23","hyre","adult","m",35,4,1304,3.115277591,"positive","lake",348107,4124374,"sierra-nf","john-muir",43,0.5,3395,348060,4124360,"cooccurring",371,5.77134838466854,34.5722060312465,0.676176002531447
"KMMB0106","KMBD0106","Trapdoor","54188","present","7/26/23","hyre","adult","m",32,2,1093383.7,6.038772595,"positive","lake",348107,4124374,"sierra-nf","john-muir",43,0.5,3395,348060,4124360,"cooccurring",210,5.15793933076732,23.5042143387043,0.66862524908694
"KMMB0107","KMBD0107","Trapdoor","54188","present","7/26/23","hyre","adult","m",36,5,NA,NA,"negative","lake",348109,4124366,"sierra-nf","john-muir",43,0.5,3395,348060,4124360,"cooccurring",313,5.68252102167256,27.4909143079656,0.685465392370627
"KMMB0109","KMBD0109","Trapdoor","54188","present","7/26/23","hyre","adult","m",35,3,18908.9,4.276666265,"positive","lake",348107,NA,"sierra-nf","john-muir",43,0.5,3395,348060,4124360,"cooccurring",317,6.00647498347838,27.5132283471501,0.722945339819335
"KMMB0110","KMBD0110","Trapdoor","54188","present","7/26/23","hyre","adult","m",33,4,1001.9,3.000824377,"positive","lake",348107,NA,"sierra-nf","john-muir",43,0.5,3395,348060,4124360,"cooccurring",55,1.57961205317796,7.55660638898962,0.273225007861504
"KMMB0111","KMBD0111","Trapdoor","54188","present","7/26/23","hyre","adult","m",31,2,146865.4,5.166919492,"positive","lake",348113,4124358,"sierra-nf","john-muir",43,0.5,3395,348060,4124360,"cooccurring",280,4.90654029382489,23.8704202065802,0.603563719407668
"KMMB0113","KMBD0113","Trapdoor","54188","present","7/26/23","hyre","adult","m",31,3,139700.9,5.145199204,"positive","lake",348113,NA,"sierra-nf","john-muir",43,0.5,3395,348060,4124360,"cooccurring",438,6.39329452298119,33.6747603540798,0.728598253103566
"KMMB0115","KMBD0115","Trapdoor","54188","present","7/26/23","hyre","adult","m",33,4,68439.6,4.835307463,"positive","lake",348094,4124348,"sierra-nf","john-muir",43,0.5,3395,348060,4124360,"cooccurring",193,4.48819538775279,20.4032879579403,0.59113872699209
"KMMB0116","KMBD0116","Trapdoor","54188","present","7/27/23","ramu","adult","m",44,10,1021.4,3.009195854,"positive","lake",NA,NA,"sierra-nf","john-muir",43,0.5,3395,NA,NA,"cooccurring",110,2.36021197482228,14.1605885624812,0.348044061151202
"KMMB0117","KMBD0117","Trapdoor","54188","present","7/27/23","ramu","adult","m",53,16,110981.3,5.045249808,"positive","lake",NA,NA,"sierra-nf","john-muir",43,0.5,3395,NA,NA,"cooccurring",82,1.49222982792883,12.5966679565501,0.234717675426781
"KMMB0118","KMBD0118","Trapdoor","54188","present","7/27/23","ramu","adult","f",41,8,11449.4,4.058782728,"positive","lake",NA,NA,"sierra-nf","john-muir",43,0.5,3395,NA,NA,"cooccurring",342,3.953678380958,31.1772778755237,0.469677791808115
"KMMB0119","KMBD0119","Trapdoor","54188","present","7/27/23","ramu","adult","m",43,8,NA,NA,"negative","lake",NA,NA,"sierra-nf","john-muir",43,0.5,3395,NA,NA,"cooccurring",198,4.6475264211119,19.3849353848675,0.609163610058564
"KMMB0120","KMBD0120","Trapdoor","54188","present","7/27/23","ramu","adult","f",52,12,21429,4.331001905,"positive","lake",NA,NA,"sierra-nf","john-muir",43,0.5,3395,NA,NA,"cooccurring",200,3.42569137279937,23.5665002765162,0.448162718888139
"KMMB0121","KMBD0121","Trapdoor","54188","present","7/27/23","ramu","adult","f",59,20,1557.1,3.192316505,"positive","lake",NA,NA,"sierra-nf","john-muir",43,0.5,3395,NA,NA,"cooccurring",233,4.46734051398708,25.2512246363619,0.568061390182604
"KMMB0122","KMBD0122","Trapdoor","54188","present","7/27/23","ramu","adult","m",49,15,NA,NA,"negative","fringing",NA,NA,"sierra-nf","john-muir",43,0.5,3395,NA,NA,"cooccurring",388,3.42279629875428,41.1642963240785,0.398003603241611
"KMMB0123","KMBD0123","Trapdoor","54188","present","7/27/23","ramu","adult","m",50,14,29241,4.465992221,"positive","lake",NA,NA,"sierra-nf","john-muir",43,0.5,3395,NA,NA,"cooccurring",112,1.66992334879102,16.6647877361321,0.245311632478576
"KMMB0124","KMBD0124","Trapdoor","54188","present","7/27/23","ramu","adult","m",42,8,3391.1,3.530340597,"positive","fringing",NA,NA,"sierra-nf","john-muir",43,0.5,3395,NA,NA,"cooccurring",147,2.41626366361163,23.0164206980621,0.335607448211804
"KMMB0125","KMBD0125","Trapdoor","54188","present","7/27/23","ramu","adult","m",54,16,1664.4,3.221257707,"positive","lake",NA,NA,"sierra-nf","john-muir",43,0.5,3395,NA,NA,"cooccurring",168,3.99574115755225,20.8082367218878,0.540526188071921
"KMMB0126","KMBD0126","Clark","70122","present","8/1/23","ramu","adult","m",56,24,NA,NA,"negative","lake",NA,NA,"yosemite","yosemite",7299,3.5,2987,NA,NA,"cooccurring",81,1.109275580378,11.6256612575709,0.174968742142681
"KMMB0129","KMBD0129","Clark","70122","present","8/1/23","ramu","subadult",NA,36,5,849,2.92890769,"positive","lake",NA,NA,"yosemite","yosemite",7299,3.5,2987,NA,NA,"cooccurring",49,0.459224469842787,9.23283437215472,0.0817895283269359
"KMMB0130","KMBD0130","Clark","70122","present","8/1/23","ramu","adult","m",56,21,391.4,2.592620821,"positive","fringing",NA,NA,"yosemite","yosemite",7299,3.5,2987,NA,NA,"cooccurring",970,8.33047022448522,66.296466845234,0.83960933029647
"KMMB0131","KMBD0131","Clark","70122","present","8/1/23","ramu","adult","m",65,36,341965.1,5.533981785,"positive","fringing",NA,NA,"yosemite","yosemite",7299,3.5,2987,NA,NA,"cooccurring",186,2.8382782216451,20.1025935883334,0.376471472846976
"KMMB0133","KMBD0133","Clark","70122","present","8/1/23","ramu","adult","m",50,14,559.3,2.747644819,"positive","lake",NA,NA,"yosemite","yosemite",7299,3.5,2987,NA,NA,"cooccurring",164,4.2949764417547,20.7495155058727,0.583750741966742
"KMMB0134","KMBD0134","Clark","70122","present","8/1/23","ramu","adult","f",78,47,NA,NA,"negative","lake",NA,NA,"yosemite","yosemite",7299,3.5,2987,NA,NA,"cooccurring",93,1.08955100019458,12.6925121728124,0.166619443213975
"KMMB0135","KMBD0135","Clark","70122","present","8/1/23","ramu","adult","f",65,29,983.2,2.99264187,"positive","lake",NA,NA,"yosemite","yosemite",7299,3.5,2987,NA,NA,"cooccurring",137,1.50094305854063,16.8741583561237,0.21145904118182
"KMMB0136","KMBD0136","Clark","70122","present","8/1/23","ramu","adult","f",79,47,31571.1,4.499289714,"positive","lake",NA,NA,"yosemite","yosemite",7299,3.5,2987,NA,NA,"cooccurring",85,0.920998494569651,11.2634687052214,0.143695166006623
"KMMB0137","KMBD0137","Clark","70122","present","8/1/23","ramu","adult","f",74,47,1767.3,3.247310277,"positive","lake",NA,NA,"yosemite","yosemite",7299,3.5,2987,NA,NA,"cooccurring",436,6.53235210179902,39.1278649532077,0.745006247569415
"KMMB0138","KMBD0138","Clark","70122","present","8/1/23","ramu","adult","f",70,34,568.5,2.754730469,"positive","lake",NA,NA,"yosemite","yosemite",7299,3.5,2987,NA,NA,"cooccurring",402,6.24122883552441,37.292049444575,0.721441630257313
"KMMB0149","KMBD0149","Clark","70122","present","8/1/23","hyre","adult","m",38,4,1264.4,3.101884487,"positive","lake",NA,NA,"yosemite","yosemite",7299,3.5,2987,NA,NA,"cooccurring",288,5.36697444402486,31.9082117785986,0.656918446996439
"KMMB0150","KMBD0150","Clark","70122","present","8/1/23","hyre","adult","m",42,5,NA,NA,"negative","lake",NA,NA,"yosemite","yosemite",7299,3.5,2987,NA,NA,"cooccurring",84,3.22995099275681,11.1279635861125,0.505286389760154
"KMMB0151","KMBD0151","Clark","70122","present","8/1/23","hyre","adult","m",39,5,NA,NA,"negative","lake",NA,NA,"yosemite","yosemite",7299,3.5,2987,NA,NA,"cooccurring",206,4.3849184376125,20.7665377914012,0.570470062690465
"KMMB0152","KMBD0152","Clark","70122","present","8/1/23","hyre","adult","m",41,5,210302.8,5.322845055,"positive","lake",NA,NA,"yosemite","yosemite",7299,3.5,2987,NA,NA,"cooccurring",171,4.37821797911531,17.2883764327095,0.590227154062344
"KMMB0153","KMBD0153","Clark Range","73022","present","8/2/23","hyre","adult","m",38,4,5281.9,3.722790175,"positive","lake",288696,4173389,"yosemite","yosemite",4615,2.1,2957,288726,4173430,"single",434,6.29186633253781,32.2806393396179,0.718122415268052
"KMMB0154","KMBD0154","Clark Range","73022","present","8/2/23","hyre","adult","m",39,4,31669.3,4.500638464,"positive","lake",288696,4173389,"yosemite","yosemite",4615,2.1,2957,288726,4173430,"single",290,4.88332800191079,24.5969270453533,0.596990498081669
"KMMB0155","KMBD0155","Clark Range","73022","present","8/2/23","hyre","adult","m",36,4,814.5,2.910891089,"positive","lake",288696,4173389,"yosemite","yosemite",4615,2.1,2957,288726,4173430,"single",138,3.68788792735116,16.7084971111913,0.518797951638847
"KMMB0156","KMBD0156","Clark Range","73022","present","8/2/23","hyre","adult","m",43,5,6292.4,3.798816322,"positive","lake",288696,4173389,"yosemite","yosemite",4615,2.1,2957,288726,4173430,"single",283,5.39440122144158,29.0133891113101,0.662323827545397
"KMMB0157","KMBD0157","Clark Range","73022","present","8/2/23","hyre","adult","m",36,4,58229.6,4.765143807,"positive","lake",288696,4173389,"yosemite","yosemite",4615,2.1,2957,288726,4173430,"single",220,4.22147851952969,21.4090914517818,0.542511678542813
"KMMB0158","KMBD0158","Clark Range","73022","present","8/2/23","hyre","adult","m",40,6,38345.2,4.583711007,"positive","lake",288696,4173389,"yosemite","yosemite",4615,2.1,2957,288726,4173430,"single",346,5.30658626775599,26.5538806220336,0.629142876786026
"KMMB0159","KMBD0159","Clark Range","73022","present","8/2/23","hyre","adult","m",36,4,277.9,2.443888547,"positive","lake",288696,4173389,"yosemite","yosemite",4615,2.1,2957,288726,4173430,"single",187,4.56390405465112,21.3031195566302,0.60473935059098
"KMMB0160","KMBD0160","Clark Range","73022","present","8/2/23","hyre","adult","m",35,2,86066.5,4.934834142,"positive","lake",288696,4173389,"yosemite","yosemite",4615,2.1,2957,288726,4173430,"single",232,5.01589497616021,22.8668007943024,0.638318542545517
"KMMB0161","KMBD0161","Red Devil","77777","present","8/5/23","hyre","adult","m",31,2,NA,NA,"negative","lake",289294,4171544,"yosemite","yosemite",NA,NA,2966,289294,4171544,"single",268,5.45322371092607,23.969488763262,0.676067866615864
"KMMB0163","KMBD0163","Red Devil","77777","present","8/5/23","hyre","adult","m",36,3,424049.9,5.627416965,"positive","lake",289294,4171544,"yosemite","yosemite",NA,NA,2966,289294,4171544,"single",196,4.82133334725651,18.3885931020213,0.63316048095812
"KMMB0164","KMBD0164","Red Devil","77777","present","8/5/23","hyre","adult","m",40,5,1667.9,3.222170009,"positive","lake",289294,4171544,"yosemite","yosemite",NA,NA,2966,289294,4171544,"single",182,5.01696763624652,19.0243359107077,0.668234531800372
"KMMB0165","KMBD0165","Red Devil","77777","present","8/5/23","hyre","adult","m",34,3,151714.4,5.181026804,"positive","lake",289294,4171544,"yosemite","yosemite",NA,NA,2966,289294,4171544,"single",155,4.73859112652417,16.7364262101911,0.651252076323669
"KMMB0166","KMBD0162","Red Devil","77777","present","8/5/23","hyre","adult","m",37,4,3393.1,3.530596659,"positive","lake",289294,4171544,"yosemite","yosemite",NA,NA,2966,289294,4171544,"single",145,4.52551732340721,15.5941435183083,0.630302872455701
"KMMB0167","KMBD0167","Hoffmann","72673","present","8/9/23","hyre","adult","m",33,3,NA,NA,"negative","lake",278804,4192657,"yosemite","yosemite",2243,3,3030,278797,4192670,"single",169,5.00819685026212,17.52903793065,0.676702936911776
"KMMB0168","KMBD0168","Hoffmann","72673","present","8/9/23","hyre","adult","m",41,6,198661.8,5.298114366,"positive","lake",278823,4192660,"yosemite","yosemite",2243,3,3030,278797,4192670,"single",215,4.94984184861904,23.9237802317818,0.638838235535311
"KMMB0169","KMBD0169","Hoffmann","72673","present","8/9/23","hyre","adult","m",39,4,NA,NA,"negative","lake",278804,4192657,"yosemite","yosemite",2243,3,3030,278797,4192670,"single",236,4.7483756633655,21.7191012755262,0.602383697147103
"KMMB0170","KMBD0170","Hoffmann","72673","present","8/9/23","hyre","adult","m",35,3,10107.9,4.004660937,"positive","lake",278769,4192663,"yosemite","yosemite",2243,3,3030,278797,4192670,"single",364,6.65464418618932,31.1179300210822,0.782182042188303
"KMMB0172","KMBD0172","Hoffmann","72673","present","8/9/23","hyre","adult","m",32,3,NA,NA,"negative","lake",278804,4192657,"yosemite","yosemite",2243,3,3030,278797,4192670,"single",190,4.73851380344067,20.7182850921967,0.625971491216522
"KMMB0173","KMBD0173","Hoffmann","72673","present","8/9/23","hyre","adult","m",38,5,207537.8,5.317097209,"positive","lake",278804,4192657,"yosemite","yosemite",2243,3,3030,278797,4192670,"single",180,4.88287215764168,17.51617679009,0.651757595198155
"KMMB0174","KMBD0174","Hoffmann","72673","present","8/9/23","hyre","adult","m",34,3,153.6,2.186391216,"positive","lake",278823,4192660,"yosemite","yosemite",2243,3,3030,278797,4192670,"single",98,3.87735194324031,10.0178269873346,0.586171129893144
"KMMB0175","KMBD0175","Hoffmann","72673","present","8/9/23","hyre","adult","m",34,3,NA,NA,"negative","lake",278823,4192660,"yosemite","yosemite",2243,3,3030,278797,4192670,"single",179,4.60810721654787,19.6093680877551,0.61574300513212
"KMMB0176","KMBD0176","Hoffmann","72673","present","8/9/23","hyre","adult","m",39,6,397153.7,5.598958613,"positive","lake",278804,4192657,"yosemite","yosemite",2243,3,3030,278797,4192670,"single",242,5.15358066881306,25.5169570737115,0.650798039364391
"KMMB0177","KMBD0177","Hoffmann","72659","present","8/10/23","hyre","adult","m",36,4,8799.5,3.944457996,"positive","lake",279073,4192828,"yosemite","yosemite",2161,2.75,3030,279042,4192820,"single",278,4.98410875193297,25.0598922681872,0.61388655334347
"KMMB0178","KMBD0178","Hoffmann","72659","present","8/10/23","hyre","adult","m",37,4,56929.5,4.75533737,"positive","lake",279060,4192825,"yosemite","yosemite",2161,2.75,3030,279042,4192820,"single",240,5.35854851589961,24.4376512310169,0.67770616667894
"KMMB0179","KMBD0179","Hoffmann","72659","present","8/10/23","hyre","adult","m",36,4,60446.3,4.781369722,"positive","fringing",279066,4192820,"yosemite","yosemite",2161,2.75,3030,279042,4192820,"single",176,4.47508210520519,19.0425016784023,0.599922666228919
"KMMB0180","KMBD0180","Hoffmann","72659","present","8/10/23","hyre","adult","m",38,4,NA,NA,"negative","lake",279066,4192820,"yosemite","yosemite",2161,2.75,3030,279042,4192820,"single",211,5.42473926286961,22.4119754263113,0.702586397388055
"KMMB0181","KMBD0181","Hoffmann","72659","present","8/10/23","hyre","adult","m",39,5,343563.6,5.536007145,"positive","lake",279076,4192833,"yosemite","yosemite",2161,2.75,3030,279042,4192820,"single",147,4.00887688149026,17.0498987722599,0.556813795056305
"KMMB0182","KMBD0182","Hoffmann","72659","present","8/10/23","hyre","adult","m",38,4,58167.3,4.764678905,"positive","lake",279076,4192833,"yosemite","yosemite",2161,2.75,3030,279042,4192820,"single",365,6.0117569805013,33.7146816729025,0.706288965979344
"KMMB0183","KMBD0183","Hoffmann","72659","present","8/10/23","hyre","adult","m",39,5,10312.7,4.013372384,"positive","lake",279078,4192851,"yosemite","yosemite",2161,2.75,3030,279042,4192820,"single",238,5.1891400154091,22.1430373573009,0.657284331441596
"KMMB0184","KMBD0184","Hoffmann","72659","present","8/10/23","hyre","adult","m",43,6,587,2.768638101,"positive","lake",279078,4192851,"yosemite","yosemite",2161,2.75,3030,279042,4192820,"single",131,4.34193970746169,15.4552491118625,0.617329528810164
"KMMB0185","KMBD0185","Hoffmann","72659","present","8/10/23","hyre","adult","m",37,4,144.5,2.159867847,"positive","lake",279026,4192794,"yosemite","yosemite",2161,2.75,3030,279042,4192820,"single",261,5.24779166339102,24.4164870714317,0.653693711116356
"KMMB0186","KMBD0186","Hoffmann","72659","present","8/10/23","hyre","adult","m",39,4,145.5,2.162862993,"positive","lake",279026,4192794,"yosemite","yosemite",2161,2.75,3030,279042,4192820,"single",178,4.96051268015976,19.8219644405236,0.663548630507884
"KMMB0187","KMBD0187","Hoffmann","72659","present","8/10/23","hyre","adult","m",37,4,159.2,2.201943063,"positive","fringing",279102,4192776,"yosemite","yosemite",2161,2.75,3030,279042,4192820,"single",257,5.26169556377465,26.2281733913659,0.657249853704977
"KMMB0188","KMBD0188","Hoffmann","72659","present","8/10/23","hyre","adult","m",35,3,NA,NA,"negative","fringing",279171,4192775,"yosemite","yosemite",2161,2.75,3030,279042,4192820,"single",411,6.75547187974447,34.5014547418687,0.778011757883659
"KMMB0189","KMBD0189","Hoffmann","72659","present","8/10/23","hyre","adult","m",33,3,NA,NA,"negative","fringing",279171,4192745,"yosemite","yosemite",2161,2.75,3030,279042,4192820,"single",156,4.70110875623015,18.6922909087146,0.64527786043971
"KMMB0190","KMBD0190","Hoffmann","72659","present","8/10/23","hyre","adult","m",36,3,75400.9,4.87737653,"positive","lake",279049,4192805,"yosemite","yosemite",2161,2.75,3030,279042,4192820,"single",244,5.37512242517671,26.1980688656805,0.677758220502166
"KMMB0191","KMBD0191","Hoffmann","72659","present","8/10/23","hyre","adult","m",35,3,486004.5,5.68664029,"positive","lake",279073,4192828,"yosemite","yosemite",2161,2.75,3030,279042,4192820,"single",195,4.81851506791739,24.2803436023805,0.633404212672128
"KMMB0192","KMBD0192","Hoffmann","72659","present","8/10/23","hyre","adult","m",34,4,32697.9,4.514519861,"positive","fringing",279152,4192739,"yosemite","yosemite",2161,2.75,3030,279042,4192820,"single",209,4.29138141481903,24.483120838523,0.556790119842309
"KMMB0193","KMBD0193","Hoffmann","72659","present","8/10/23","hyre","adult","m",40,4,3898.7,3.590919818,"positive","fringing",279152,4192739,"yosemite","yosemite",2161,2.75,3030,279042,4192820,"single",180,3.82204966523883,19.8474406216599,0.510160786135981
"KMMB0194","KMBD0194","Hoffmann","72659","present","8/10/23","hyre","adult","m",35,3,NA,NA,"negative","fringing",279174,4192740,"yosemite","yosemite",2161,2.75,3030,279042,4192820,"single",149,4.22777574883961,17.1674362274045,0.585631951499168
"KMMB0195","KMBD0195","Hoffmann","72659","present","8/10/23","hyre","adult","m",34,3,NA,NA,"negative","fringing",279174,4192740,"yosemite","yosemite",2161,2.75,3030,279042,4192820,"single",186,4.57142921630811,20.8756367153758,0.606357994418776
"KMMB0196","KMBD0196","Hoffmann","72659","present","8/10/23","hyre","adult","m",35,3,8950.8,3.951861853,"positive","fringing",279174,4192740,"yosemite","yosemite",2161,2.75,3030,279042,4192820,"single",204,4.9294063889338,22.9087612489323,0.642483461125103
"KMMB0197","KMBD0197","Hoffmann","72659","present","8/10/23","hyre","adult","m",33,3,658111.4,5.818299414,"positive","fringing",279169,4192727,"yosemite","yosemite",2161,2.75,3030,279042,4192820,"single",316,5.95988590705799,30.8211568749245,0.717731607781954
"KMMB0198","KMBD0198","Darwin Bench","10037","present","8/16/23","ramu","adult","m",57,22,41105.8,4.613903105,"positive","lake",NA,NA,"kings-canyon","kings-canyon",10323,5.5,3420,NA,NA,"single",9,1.10137356305598,1.86059896223996,0.347444675364512
"KMMB0199","KMBD0199","Darwin Bench","10037","present","8/16/23","ramu","adult","f",49,14,1892.2,3.276967038,"positive","lake",NA,NA,"kings-canyon","kings-canyon",10323,5.5,3420,NA,NA,"single",247,3.33169630971676,27.7006232109737,0.419167385281029
"KMMB0200","KMBD0200","Darwin Bench","10037","present","8/16/23","ramu","adult","m",57,20,79372.4,4.899669512,"positive","lake",NA,NA,"kings-canyon","kings-canyon",10323,5.5,3420,NA,NA,"single",74,1.81714573270198,12.6890574453903,0.292641819771188
"KMMB0201","KMBD0201","Darwin Bench","10037","present","8/16/23","ramu","subadult",NA,38,7,NA,NA,"negative","lake",NA,NA,"kings-canyon","kings-canyon",10323,5.5,3420,NA,NA,"single",54,0.740449762980421,8.14024169234236,0.128664506943369
"KMMB0202","KMBD0202","Darwin Bench","10037","present","8/16/23","ramu","adult","m",57,21,424.4,2.627775375,"positive","lake",NA,NA,"kings-canyon","kings-canyon",10323,5.5,3420,NA,NA,"single",32,1.6862241977112,5.0243018505362,0.337244839542241
"KMMB0203","KMBD0203","Darwin Bench","10037","present","8/16/23","ramu","adult","m",57,24,23016.7,4.362043057,"positive","lake",NA,NA,"kings-canyon","kings-canyon",10323,5.5,3420,NA,NA,"single",374,3.64691106501416,42.6589853749561,0.426694290204457
"KMMB0204","KMBD0204","Darwin Bench","10037","present","8/16/23","ramu","adult","f",64,27,NA,NA,"negative","lake",NA,NA,"kings-canyon","kings-canyon",10323,5.5,3420,NA,NA,"single",17,0.373031576149521,3.54482683937827,0.0912623773321965
"KMMB0205","KMBD0205","Darwin Bench","10037","present","8/16/23","ramu","adult","m",55,15,992960.5,5.996931973,"positive","lake",NA,NA,"kings-canyon","kings-canyon",10323,5.5,3420,NA,NA,"single",5,0.247434472794458,1.59508106169527,0.106564227091822
"KMMB0206","KMBD0206","Darwin Bench","10037","present","8/16/23","ramu","adult","f",58,21,159.8,2.203576775,"positive","lake",NA,NA,"kings-canyon","kings-canyon",10323,5.5,3420,NA,NA,"single",202,2.75511767487301,22.9856812415588,0.359759936256426
"KMMB0207","KMBD0207","Darwin Bench","10037","present","8/16/23","ramu","adult","m",57,19,627588.9,5.797675254,"positive","lake",NA,NA,"kings-canyon","kings-canyon",10323,5.5,3420,NA,NA,"single",181,3.74488904237643,20.5099579874683,0.499328799385886
"KMMB0208","KMBD0208","Darwin Bench","10037","present","8/16/23","ramu","subadult",NA,39,6,1295.1,3.112303303,"positive","lake",NA,NA,"kings-canyon","kings-canyon",10323,5.5,3420,NA,NA,"single",205,3.30249169330472,26.0727741159592,0.430041051023415
"KMMB0216","KMBD0216","Hoffmann","70481","present","9/7/23","ramu","adult","m",56,19,1359.6,3.133411156,"positive","lake",NA,NA,"yosemite","yosemite",29802,17.8,2993,NA,NA,"single",157,5.11088749134255,17.6128243355365,0.700637862786646
"KMMB0217","KMBD0217","Hoffmann","70481","present","9/7/23","ramu","subadult",NA,32,3,NA,NA,"negative","outlet",NA,NA,"yosemite","yosemite",29802,17.8,2993,NA,NA,"single",129,4.4795057037677,16.6688701380036,0.638904651151161
"KMMB0218","KMBD0218","Hoffmann","70481","present","9/7/23","ramu","adult","f",67,28,8459,3.927319025,"positive","lake",NA,NA,"yosemite","yosemite",29802,17.8,2993,NA,NA,"single",148,4.79040261931929,14.5005262758777,0.664461281094836
"KMMB0219","KMBD0219","Hoffmann","70481","present","9/7/23","ramu","subadult",NA,40,6,NA,NA,"negative","fringing",NA,NA,"yosemite","yosemite",29802,17.8,2993,NA,NA,"single",297,4.01052854449463,31.9950547145397,0.488236271992276
"KMMB0221","KMBD0221","Hoffmann","70481","present","9/7/23","ramu","subadult",NA,35,4,174.6,2.242044239,"positive","fringing",NA,NA,"yosemite","yosemite",29802,17.8,2993,NA,NA,"single",433,4.80515389544605,39.1338983235461,0.548644830993381
"KMMB0232","KMBD0232","Barrett","10223","present","9/11/23","ramu","adult","m",63,23,6941,3.841422044,"positive","lake",NA,NA,"kings-canyon","kings-canyon",40331,14.8,3495,NA,NA,"single",87,2.28407910845218,11.0231201895656,0.3545086356762
"KMMB0233","KMBD0233","Barrett","10223","present","9/11/23","ramu","adult","m",57,23,1967.5,3.293914741,"positive","lake",NA,NA,"kings-canyon","kings-canyon",40331,14.8,3495,NA,NA,"single",296,4.54705082778425,32.1014289802687,0.553879853538323
"KMMB0234","KMBD0234","Barrett","10223","present","9/11/23","ramu","adult","f",42,9,140.3,2.147057671,"positive","lake",NA,NA,"kings-canyon","kings-canyon",40331,14.8,3495,NA,NA,"single",204,3.84945841686318,24.6319158708955,0.501726409223557
"KMMB0235","KMBD0235","Barrett","10223","present","9/11/23","ramu","adult","f",40,7,572.1,2.757471948,"positive","lake",NA,NA,"kings-canyon","kings-canyon",40331,14.8,3495,NA,NA,"single",145,3.11119837890727,18.0347579990167,0.433320023958799
"KMMB0236","KMBD0236","Barrett","10223","present","9/11/23","ramu","adult","m",40,6,NA,NA,"negative","outlet",NA,NA,"kings-canyon","kings-canyon",40331,14.8,3495,NA,NA,"single",181,4.03763310553161,22.089845606173,0.538362143212238
"KMMB0237","KMBD0237","Barrett","10223","present","9/11/23","ramu","adult","m",57,14,2088.9,3.31991765,"positive","lake",NA,NA,"kings-canyon","kings-canyon",40331,14.8,3495,NA,NA,"single",78,1.43275552813725,13.4941993097944,0.227949696494778
"KMMB0239","KMBD0239","Barrett","10223","present","9/12/23","ramu","adult","f",40,7,38962.1,4.590642357,"positive","lake",NA,NA,"kings-canyon","kings-canyon",40331,14.8,3495,NA,NA,"single",38,0.505025959166919,6.34509307775272,0.0962334098314423
"KMMB0240","KMBD0240","Barrett","10223","present","9/12/23","ramu","adult",NA,40,7,147.8,2.169674434,"positive","lake",NA,NA,"kings-canyon","kings-canyon",40331,14.8,3495,NA,NA,"single",161,3.92210285606574,16.6593980599548,0.535008501838918
"KMMB0241","KMBD0241","Barrett","10223","present","9/12/23","ramu","adult","m",59,21,11327.8,4.054145573,"positive","lake",NA,NA,"kings-canyon","kings-canyon",40331,14.8,3495,NA,NA,"single",109,2.08979753895488,14.7123651508826,0.308767822901123
"KMMB0242","KMBD0242","Barrett","10223","present","9/12/23","ramu","adult","m",63,27,49298.4,4.692832824,"positive","lake",NA,NA,"kings-canyon","kings-canyon",40331,14.8,3495,NA,NA,"single",23,1.48283486488873,5.24336700502765,0.327802488236782
"KMMB0243","KMBD0243","Barrett","10223","present","9/12/23","ramu","adult","m",65,31,16962.2,4.22948218,"positive","lake",NA,NA,"kings-canyon","kings-canyon",40331,14.8,3495,NA,NA,"single",52,1.7190101361756,8.93492643762889,0.301557462436628
"KMMB0244","KMBD0244","Barrett","10223","present","9/12/23","ramu","adult","m",57,20,16468,4.216640858,"positive","lake",NA,NA,"kings-canyon","kings-canyon",40331,14.8,3495,NA,NA,"single",82,2.94587232949811,13.5855885710175,0.463365824983932
"KMMB0245","KMBD0245","Barrett","10223","present","9/12/23","ramu","adult","m",55,22,45810.8,4.660967876,"positive","lake",NA,NA,"kings-canyon","kings-canyon",40331,14.8,3495,NA,NA,"single",81,2.24155994970423,14.5757428054751,0.353566716670635
"KMMB0251","KMBD0251","South Lyell","70413","present","8/25/23","ramu","adult","m",54,18,120.9,2.082426301,"positive","lake",NA,NA,"yosemite","yosemite",22555,10.5,3322,NA,NA,"cooccurring",199,3.69073346664929,23.6745972019027,0.483293817627315
"KMMB0252","KMBD0252","South Lyell","70413","present","8/25/23","ramu","adult","f",57,17,481,2.682145076,"positive","lake",NA,NA,"yosemite","yosemite",22555,10.5,3322,NA,NA,"cooccurring",133,4.19739891675624,16.778903551705,0.59492996278016
"KMMB0253","KMBD0253","South Lyell","70413","present","8/25/23","ramu","adult","f",64,25,14647.4,4.165760542,"positive","lake",NA,NA,"yosemite","yosemite",22555,10.5,3322,NA,NA,"cooccurring",83,3.03298494575493,12.6807283103715,0.475759401713083
"KMMB0254","KMBD0254","South Lyell","70413","present","8/25/23","ramu","adult","m",44,10,NA,NA,"negative","lake",NA,NA,"yosemite","yosemite",22555,10.5,3322,NA,NA,"cooccurring",73,2.78479354210425,11.5472282536042,0.449898622426889
"KMMB0255","KMBD0255","South Lyell","70413","present","8/25/23","ramu","adult","f",59,21,NA,NA,"negative","lake",NA,NA,"yosemite","yosemite",22555,10.5,3322,NA,NA,"cooccurring",191,3.99839330299186,25.0971042509698,0.527671508863032
"KMMB0256","KMBD0256","South Lyell","70413","present","8/25/23","ramu","adult","m",48,11,NA,NA,"negative","lake",NA,NA,"yosemite","yosemite",22555,10.5,3322,NA,NA,"cooccurring",169,4.26109263353208,23.2835885180164,0.575754904564778
"KMMB0257","KMBD0257","South Lyell","70413","present","8/25/23","ramu","adult","m",45,10,491.3,2.691346764,"positive","lake",NA,NA,"yosemite","yosemite",22555,10.5,3322,NA,NA,"cooccurring",91,2.16295352896426,11.3968838593639,0.332363519217967
"KMMB0258","KMBD0258","South Lyell","70413","present","8/25/23","ramu","adult","f",47,12,660.5,2.819872822,"positive","lake",NA,NA,"yosemite","yosemite",22555,10.5,3322,NA,NA,"cooccurring",124,3.59298798478477,15.35895353644,0.516664733697298
"KMMB0259","KMBD0259","South Lyell","70413","present","8/25/23","ramu","adult","f",61,22,98964.7,4.995480312,"positive","lake",NA,NA,"yosemite","yosemite",22555,10.5,3322,NA,NA,"cooccurring",80,2.93257730902613,9.53365070286031,0.463873879141041
"KMMB0260","KMBD0260","South Lyell","70413","present","8/25/23","ramu","adult","f",53,15,138341.1,5.140951225,"positive","lake",NA,NA,"yosemite","yosemite",22555,10.5,3322,NA,NA,"cooccurring",61,2.50199127593976,8.40914512246277,0.421868501930301
"KMMB0261","KMBD0261","South Lyell","70413","present","8/25/23","ramu","adult","m",46,11,324.2,2.510813011,"positive","lake",NA,NA,"yosemite","yosemite",22555,10.5,3322,NA,NA,"cooccurring",65,2.50933320714157,9.22519801098766,0.416668872617349
"KMMB0263","KMBD0263","South Lyell","70413","present","8/25/23","ramu","adult","f",64,30,NA,NA,"negative","fringing",NA,NA,"yosemite","yosemite",22555,10.5,3322,NA,NA,"cooccurring",82,1.82623342511174,11.7527180271544,0.287254185854111
"KMMB0264","KMBD0264","South Lyell","70413","present","8/25/23","ramu","adult","f",47,11,8264.9,3.917237603,"positive","fringing",NA,NA,"yosemite","yosemite",22555,10.5,3322,NA,NA,"cooccurring",292,6.53873658681969,32.6327237011212,0.798397638412157
"KMMB0265","KMBD0265","South Lyell","70413","present","8/25/23","ramu","adult","m",47,11,NA,NA,"negative","fringing",NA,NA,"yosemite","yosemite",22555,10.5,3322,NA,NA,"cooccurring",31,0.559019770154437,5.65600027016099,0.112837629987009
"KMMB0266","KMBD0266","South Lyell","70413","present","8/25/23","ramu","adult","f",64,22,2021118,6.30559167,"positive","fringing",NA,NA,"yosemite","yosemite",22555,10.5,3322,NA,NA,"cooccurring",40,1.00604283029044,6.2613614045674,0.189037283547089
"KMMB0267","KMBD0267","South Lyell","70413","present","8/25/23","ramu","adult","f",53,13,13251.2,4.122255209,"positive","fringing",NA,NA,"yosemite","yosemite",22555,10.5,3322,NA,NA,"cooccurring",139,3.80408445080037,17.9463694264155,0.534360997224132
"KMMB0268","KMBD0268","South Lyell","70279","present","8/25/23","ramu","adult","f",58,24,233.3,2.367914739,"positive","lake",NA,NA,"yosemite","yosemite",12647,4.5,3335,NA,NA,"single",248,4.75874128462548,33.785624939543,0.598268020920146
"KMMB0269","KMBD0269","South Lyell","70279","present","8/25/23","ramu","adult","f",54,17,16787.4,4.224983439,"positive","lake",NA,NA,"yosemite","yosemite",12647,4.5,3335,NA,NA,"single",66,2.40713531980659,10.1705870866076,0.398242614937571
"KMMB0270","KMBD0270","South Lyell","70279","present","8/25/23","ramu","adult","f",54,18,62867.4,4.7984255,"positive","lake",NA,NA,"yosemite","yosemite",12647,4.5,3335,NA,NA,"single",55,1.65662333027603,9.10337661447348,0.286545624621937
"KMMB0272","KMBD0272","South Lyell","70279","present","8/25/23","ramu","adult","f",54,18,5306.3,3.7247918,"positive","lake",NA,NA,"yosemite","yosemite",12647,4.5,3335,NA,NA,"single",103,1.42085339117164,15.1564536413554,0.212495816817081
"KMMB0273","KMBD0273","South Lyell","70279","present","8/25/23","ramu","adult","f",58,19,156.8,2.195346058,"positive","lake",NA,NA,"yosemite","yosemite",12647,4.5,3335,NA,NA,"single",52,1.43374243130113,8.93813021784297,0.251514357171147
"KMMB0274","KMBD0274","South Lyell","70279","present","8/25/23","ramu","adult","f",63,26,29287.2,4.466677853,"positive","lake",NA,NA,"yosemite","yosemite",12647,4.5,3335,NA,NA,"single",73,3.2302934779534,10.4804497384198,0.521871572808824
"KMMB0275","KMBD0275","South Lyell","70279","present","8/25/23","ramu","adult","f",58,19,30592.5,4.485614969,"positive","lake",NA,NA,"yosemite","yosemite",12647,4.5,3335,NA,NA,"single",109,2.66492954860256,14.0730955611979,0.393743642419253
"KMMB0276","KMBD0276","South Lyell","70279","present","8/25/23","ramu","adult","f",61,24,51510.7,4.711897452,"positive","lake",NA,NA,"yosemite","yosemite",12647,4.5,3335,NA,NA,"single",74,3.17861285582278,10.6183703971126,0.51189898186808
"KMMB0277","KMBD0277","South Lyell","70279","present","8/25/23","ramu","adult","m",56,18,11692.3,4.06789995,"positive","lake",NA,NA,"yosemite","yosemite",12647,4.5,3335,NA,NA,"single",287,4.08896898155526,26.8504228054096,0.500797990506925
"KMMB0278","KMBD0278","South Lyell","70279","present","8/25/23","ramu","subadult",NA,33,4,42767.9,4.631117926,"positive","lake",NA,NA,"yosemite","yosemite",12647,4.5,3335,NA,NA,"single",125,3.23317634713306,15.9947157729304,0.464151086942523
"KMMB0279","KMBD0279","South Lyell","71968","present","8/25/23","hyre","adult","m",43,5,190890.3,5.28078386,"positive","lake",298885,4177047,"yosemite","yosemite",752,2.5,3322,298905,4177040,"single",225,5.11132292055694,21.9275016826859,0.654142059455446
"KMMB0280","KMBD0280","South Lyell","71968","present","8/25/23","hyre","adult","m",35,3,586947.3,5.768599109,"positive","lake",298918,4177022,"yosemite","yosemite",752,2.5,3322,298905,4177040,"single",242,5.39164352778125,28.6395892238869,0.68086079608023
"KMMB0281","KMBD0284","South Lyell","72008","present","8/25/23","hyre","adult","m",37,3,851425.9,5.930146857,"positive","lake",299280,4177062,"yosemite","yosemite",792,1,3353,299303,4177060,"single",64,3.8354706891096,8.61702856444336,0.639245114851601
"KMMB0282","KMBD0282","South Lyell","72008","present","8/25/23","hyre","adult","m",43,6,18116.3,4.258069504,"positive","lake",299294,4177077,"yosemite","yosemite",792,1,3353,299303,4177060,"single",117,4.16467139829358,15.0522527848379,0.606179084848658
"KMMB0285","KMBD0285","Hutchings","70062","present","8/26/23","ramu","adult","m",58,12,475604,5.677245499,"positive","lake",NA,NA,"yosemite","yosemite",6046,4,3219,NA,NA,"single",15,0.163217986246378,3.72543428890259,0.0417769533730586
"KMMB0286","KMBD0286","Hutchings","70062","present","8/26/23","ramu","adult","m",49,16,51510.1,4.711892393,"positive","lake",NA,NA,"yosemite","yosemite",6046,4,3219,NA,NA,"single",100,1.25263654990183,14.1661844845211,0.188540587592747
"KMMB0287","KMBD0287","Hutchings","70062","present","8/26/23","ramu","adult","f",66,25,4525.3,3.655647376,"positive","lake",NA,NA,"yosemite","yosemite",6046,4,3219,NA,NA,"single",103,2.41355506460104,15.7039300144795,0.360959376999822
"KMMB0288","KMBD0288","Hutchings","70062","present","8/26/23","ramu","adult","f",64,30,8853.7,3.947124802,"positive","lake",NA,NA,"yosemite","yosemite",6046,4,3219,NA,NA,"single",54,0.896125136005326,10.2105622459207,0.155715491513681
"KMMB0289","KMBD0289","Hutchings","70062","present","8/26/23","ramu","adult","m",43,8,15837.8,4.199694854,"positive","lake",NA,NA,"yosemite","yosemite",6046,4,3219,NA,NA,"single",86,1.31331341787817,13.8519359445426,0.204366528303588
"KMMB0290","KMBD0290","Hutchings","70062","present","8/26/23","ramu","adult","f",44,8,NA,NA,"negative","lake",NA,NA,"yosemite","yosemite",6046,4,3219,NA,NA,"single",238,4.21966467050039,31.1318636699039,0.534485379778081
"KMMB0291","KMBD0291","Hutchings","70062","present","8/26/23","ramu","adult","f",60,21,10545.2,4.023054821,"positive","lake",NA,NA,"yosemite","yosemite",6046,4,3219,NA,NA,"single",36,0.37078948130707,6.3338459786456,0.0717204758683397
"KMMB0292","KMBD0292","Hutchings","70062","present","8/26/23","ramu","adult","m",52,19,6279.2,3.797904316,"positive","lake",NA,NA,"yosemite","yosemite",6046,4,3219,NA,NA,"single",164,4.28120385140527,21.050178631146,0.581878843495514
"KMMB0293","KMBD0293","Hutchings","70062","present","8/26/23","ramu","adult","f",60,22,444450.3,5.647823204,"positive","lake",NA,NA,"yosemite","yosemite",6046,4,3219,NA,NA,"single",48,0.91390079173824,6.91696729431302,0.163635976359775
"KMMB0294","KMBD0294","Hutchings","70062","present","8/26/23","ramu","adult","f",45,9,4066.7,3.609242136,"positive","lake",NA,NA,"yosemite","yosemite",6046,4,3219,NA,NA,"single",233,3.35484571783658,26.6100699413046,0.42659795382858
"KMMB0295","KMBD0295","Hutchings","70062","present","8/26/23","ramu","adult","m",55,22,89389.8,4.951287966,"positive","lake",NA,NA,"yosemite","yosemite",6046,4,3219,NA,NA,"single",160,3.61860864772729,22.393994395203,0.494215266912282
"KMMB0296","KMBD0296","Hutchings","70062","present","8/26/23","ramu","adult","f",53,16,145267.6,5.162168762,"positive","lake",NA,NA,"yosemite","yosemite",6046,4,3219,NA,NA,"single",98,3.16514137481694,13.8110040855095,0.478500410359317
"KMMB0297","KMBD0297","Hutchings","70062","present","8/26/23","ramu","adult","f",54,18,52156.5,4.71730844,"positive","lake",NA,NA,"yosemite","yosemite",6046,4,3219,NA,NA,"single",68,3.30432765264596,10.977663775814,0.542808677246442
"KMMB0298","KMBD0298","Barrett","11471","present","8/31/23","hyre","adult","m",40,4,5734.2,3.758472836,"positive","lake",364187,4104081,"kings-canyon","kings-canyon",1878,2.2,3383,364181,4104079,"single",190,5.57993902991364,22.9918756051076,0.737126217278528
"KMMB0299","KMBD0299","Barrett","11471","present","8/31/23","hyre","adult","m",43,4,NA,NA,"negative","lake",364187,4104081,"kings-canyon","kings-canyon",1878,2.2,3383,364181,4104079,"single",416,7.0992300764591,41.308721672525,0.815962216444837
"KMMB0300","KMBD0300","Barrett","10228","present","9/1/23","hyre","tadpole",NA,NA,NA,NA,NA,"negative","lake",364735,4104442,"kings-canyon","kings-canyon",6155,1.3,3408,364784,4104378,"single",410,5.90788428814704,38.1797071757896,0.680672600249832
"KMMB0301","KMBD0301","Hermit","10055","present","8/29/23","ramu","adult","m",49,18,3357.3,3.52599015,"positive","lake",NA,NA,"kings-canyon","kings-canyon",29282,5.5,3371,NA,NA,"single",83,3.51890192341101,12.3491171776264,0.551981201262551
"KMMB0302","KMBD0302","Hermit","10055","present","8/29/23","ramu","adult","m",42,12,NA,NA,"negative","lake",NA,NA,"kings-canyon","kings-canyon",29282,5.5,3371,NA,NA,"single",126,3.96406508022372,16.6783485088109,0.568139034650524
"KMMB0303","KMBD0303","Hermit","10055","present","8/29/23","ramu","adult","m",56,25,776.5,2.89014146,"positive","lake",NA,NA,"kings-canyon","kings-canyon",29282,5.5,3371,NA,NA,"single",92,3.47990268306974,13.0975465133105,0.533435982751526
"KMMB0304","KMBD0304","Hermit","10055","present","8/29/23","ramu","adult","f",45,12,6834.9,3.834732165,"positive","lake",NA,NA,"kings-canyon","kings-canyon",29282,5.5,3371,NA,NA,"single",81,3.28763618438721,10.7840217871439,0.518566871912007
"KMMB0305","KMBD0305","Hermit","10055","present","8/29/23","ramu","adult","m",43,14,914.1,2.960993709,"positive","lake",NA,NA,"kings-canyon","kings-canyon",29282,5.5,3371,NA,NA,"single",114,3.47282528759582,13.7392412401858,0.508251308069729
"KMMB0306","KMBD0306","Hermit","10055","present","8/29/23","ramu","adult","f",54,19,1258.1,3.099715162,"positive","lake",NA,NA,"kings-canyon","kings-canyon",29282,5.5,3371,NA,NA,"single",86,3.43370371833905,10.5632276474962,0.534323413274658
"KMMB0307","KMBD0307","Hermit","10055","present","8/29/23","ramu","adult","m",44,10,NA,NA,"negative","lake",NA,NA,"kings-canyon","kings-canyon",29282,5.5,3371,NA,NA,"single",84,3.41791868873086,11.591183727836,0.534691640398089
"KMMB0308","KMBD0308","Hermit","10055","present","8/29/23","ramu","adult","m",46,14,26001.7,4.415001743,"positive","lake",NA,NA,"kings-canyon","kings-canyon",29282,5.5,3371,NA,NA,"single",76,2.72184549117106,10.5072484569092,0.435639735786707
"KMMB0309","KMBD0309","Hermit","10055","present","8/29/23","ramu","adult","m",54,23,NA,NA,"negative","lake",NA,NA,"kings-canyon","kings-canyon",29282,5.5,3371,NA,NA,"single",69,3.28632727490674,12.0550040897653,0.537990360546097
"KMMB0310","KMBD0310","Hermit","10055","present","8/29/23","ramu","adult","m",48,13,NA,NA,"negative","lake",NA,NA,"kings-canyon","kings-canyon",29282,5.5,3371,NA,NA,"single",62,2.69619261827259,9.15951074651415,0.452822258071871
"KMMB0317","KMBD0317","Barrett","10228","present","9/1/23","hyre","tadpole",NA,NA,NA,NA,NA,"negative","lake",364735,4104442,"kings-canyon","kings-canyon",6155,1.3,3408,364784,4104378,"single",185,5.08940066333223,21.5125049799074,0.675759246827915
"KMMB0318","KMBD0318","Barrett","10228","present","9/1/23","hyre","tadpole",NA,NA,NA,NA,NA,"negative","lake",364735,4104442,"kings-canyon","kings-canyon",6155,1.3,3408,364784,4104378,"single",104,4.3374842405702,17.022522177877,0.647343222688309
"KMMB0319","KMBD0319","Barrett","10228","present","9/1/23","hyre","tadpole",NA,NA,NA,NA,NA,"negative","lake",364735,4104442,"kings-canyon","kings-canyon",6155,1.3,3408,364784,4104378,"single",169,5.25326270211906,18.3018343796606,0.709816008671264
"KMMB0320","KMBD0320","Barrett","10228","present","9/1/23","hyre","tadpole",NA,NA,NA,NA,NA,"negative","lake",364735,4104442,"kings-canyon","kings-canyon",6155,1.3,3408,364784,4104378,"single",220,4.6946672142671,29.1753227077471,0.603322219651069
"KMMB0321","KMBD0321","Barrett","10228","present","9/1/23","hyre","tadpole",NA,NA,NA,NA,NA,"negative","lake",364735,4104442,"kings-canyon","kings-canyon",6155,1.3,3408,364784,4104378,"single",186,4.21994667703295,26.0033976420365,0.55973707183557
"KMMB0322","KMBD0322","Barrett","10228","present","9/1/23","hyre","tadpole",NA,NA,NA,NA,NA,"negative","lake",364735,4104442,"kings-canyon","kings-canyon",6155,1.3,3408,364784,4104378,"single",547,6.42297556413657,42.4735034025322,0.706178691050094
"KMMB0323","KMBD0323","Barrett","10223","present","9/12/23","ramu","adult","f",40,7,15094.4,4.178815855,"positive","lake",NA,NA,"kings-canyon","kings-canyon",40331,14.8,3495,NA,NA,"single",68,1.43939457438409,9.77910070146806,0.236452297438327
"KMMB0108","KMBD0108","Trapdoor","54188","present","7/26/23","hyre","adult","m",33,3,657218.4,5.817709714,"positive","lake",348107,4124381,"sierra-nf","john-muir",43,0.5,3395,348060,4124360,"cooccurring",202,5.0756422778119,22.7598005261993,0.662771234412045
"KMMB0238","KMBD0238","Barrett","10223","present","9/11/23","ramu","adult","m",63,20,96154.2,4.982968259,"positive","lake",NA,NA,"kings-canyon","kings-canyon",40331,14.8,3495,NA,NA,"single",24,1.29767223006117,4.44091569561082,0.283027882966777
"54188A",NA,"Trapdoor","54188","present","7/26/23","lake",NA,NA,NA,NA,NA,NA,NA,NA,348101,4124347,"sierra-nf","john-muir",43,0.5,3395,348060,4124360,"cooccurring",750,5.96322493310937,54.8669093663929,0.624372634633731
"54188B",NA,"Trapdoor","54188","present","7/26/23","lake",NA,NA,NA,NA,NA,NA,NA,NA,348069,4124391,"sierra-nf","john-muir",43,0.5,3395,348060,4124360,"cooccurring",2128,9.67804232843259,120.480325514999,0.875422440348883
"72008A",NA,"South Lyell","72008","present","8/25/23","lake",NA,NA,NA,NA,NA,NA,NA,NA,299290,4177067,"yosemite","yosemite",792,1,3353,299303,4177060,"single",186,4.36904549008886,18.0075780639746,0.579513656570226
"71968A",NA,"South Lyell","71968","present","8/25/23","lake",NA,NA,NA,NA,NA,NA,NA,NA,298914,4177016,"yosemite","yosemite",752,2.5,3322,298905,4177040,"single",521,6.03287049882386,39.0707544156827,0.668451768218505
"72673A",NA,"Hoffmann","72673","present","8/9/23","lake",NA,NA,NA,NA,NA,NA,NA,NA,278804,4192657,"yosemite","yosemite",2243,3,3030,278797,4192670,"single",147,4.65093407877091,13.6175376515483,0.645992464102423
"72673B",NA,"Hoffmann","72673","present","8/10/23","lake",NA,NA,NA,NA,NA,NA,NA,NA,278825,4192679,"yosemite","yosemite",2243,3,3030,278797,4192670,"single",154,4.21905562273241,15.0638264250794,0.580594407047074
"11471A",NA,"Barrett","11471","present","8/31/23","lake",NA,NA,NA,NA,NA,NA,NA,NA,364187,4104081,"kings-canyon","kings-canyon",1878,2.2,3383,364181,4104079,"single",215,4.99750598722672,19.8544485912091,0.64498988141364
"20135A",NA,"Tyndall","20135","present","7/20/23","lake",NA,NA,NA,NA,NA,NA,NA,NA,376413,4055532,"sequoia","sequoia",8055,2,3380,376313,4055393,"single",1837,9.00735229691036,105.147623909879,0.830696246062931
"20135B",NA,"Tyndall","20135","present","7/20/23","lake",NA,NA,NA,NA,NA,NA,NA,NA,376225,4055252,"sequoia","sequoia",8055,2,3380,376313,4055393,"single",422,5.30112970233413,32.5378618093816,0.607851096246959
"22015A",NA,"Tyndall","22015","present","7/22/23","lake",NA,NA,NA,NA,NA,NA,NA,NA,374714,4056165,"sequoia","sequoia",22197,NA,3390,374658,4056119,"single",999,6.78347306808055,66.0161479261728,0.680774890992204
"22015B",NA,"Tyndall","22015","present","7/22/23","lake",NA,NA,NA,NA,NA,NA,NA,NA,374741,4056180,"sequoia","sequoia",22197,NA,3390,374658,4056119,"single",2056,9.64740143395104,106.506449644194,0.876588274552549
"70062A",NA,"Hutchings","70062","present","8/26/23","lake",NA,NA,NA,NA,NA,NA,NA,NA,297393,4177932,"yosemite","yosemite",6046,4,3219,297387,4178020,"single",183,4.25896665140604,19.6186259393546,0.566675990665751
"70062B",NA,"Hutchings","70062","present","8/26/23","lake",NA,NA,NA,NA,NA,NA,NA,NA,297403,4178001,"yosemite","yosemite",6046,4,3219,297387,4178020,"single",150,4.07208845720837,17.2026547322265,0.563313126467283
"70122A",NA,"Clark","70122","present","8/1/23","lake",NA,NA,NA,NA,NA,NA,NA,NA,NA,NA,"yosemite","yosemite",7299,3.5,2987,NA,NA,"cooccurring",233,4.36205540948941,22.3421514125044,0.554673468971044
"70122B",NA,"Clark","70122","present","8/1/23","lake",NA,NA,NA,NA,NA,NA,NA,NA,NA,NA,"yosemite","yosemite",7299,3.5,2987,NA,NA,"cooccurring",238,4.53689282736871,20.1550228719987,0.574667201116969
"77777A",NA,"Red Devil","77777","present","8/3/23","lake",NA,NA,NA,NA,NA,NA,NA,NA,289294,4171544,"yosemite","yosemite",NA,NA,2966,289294,4171544,"single",343,5.57658391524257,30.5820897572036,0.662139756706799
"77777B",NA,"Red Devil","77777","present","8/3/23","lake",NA,NA,NA,NA,NA,NA,NA,NA,289211,4171536,"yosemite","yosemite",NA,NA,2966,289294,4171544,"single",309,5.33034471593068,25.6854751531223,0.644425864922369
"72659A",NA,"Hoffmann","72659","present","8/10/23","lake",NA,NA,NA,NA,NA,NA,NA,NA,279050,4192820,"yosemite","yosemite",2161,2.75,3030,279042,4192820,"single",142,3.27642922861798,11.8425174747997,0.458258057782184
"72659B",NA,"Hoffmann","72659","present","8/10/23","lake",NA,NA,NA,NA,NA,NA,NA,NA,279056,4192864,"yosemite","yosemite",2161,2.75,3030,279042,4192820,"single",158,3.6254398800071,14.7648748747769,0.496378520249523
"72659C",NA,"Hoffmann","72659","present","8/10/23","lake",NA,NA,NA,NA,NA,NA,NA,NA,279174,4192745,"yosemite","yosemite",2161,2.75,3030,279042,4192820,"single",627,5.98261894796371,48.2010224289803,0.643823920907448
"73022A",NA,"Clark Range","73022","present","8/2/23","lake",NA,NA,NA,NA,NA,NA,NA,NA,288696,4173389,"yosemite","yosemite",4615,2.1,2957,288726,4173430,"single",214,4.57749067463271,20.0926456115475,0.591294993916998
"10228A",NA,"Barrett","10228","present","9/1/23","lake",NA,NA,NA,NA,NA,NA,NA,NA,364735,4104442,"kings-canyon","kings-canyon",6155,1.3,3408,364784,4104378,"single",564,5.08438109211241,46.8891570937691,0.556305325728921
"51797A",NA,"Independence","51797","naive","7/8/23","lake",NA,NA,NA,NA,NA,NA,NA,NA,379100,4069597,"inyo-nf","john-muir",NA,NA,3208,379108,4069568,"single",215,4.70311414435487,17.0218456488798,0.606994977493889
"51797B",NA,"Independence","51797","naive","7/8/23","lake",NA,NA,NA,NA,NA,NA,NA,NA,379128,4069607,"inyo-nf","john-muir",NA,NA,3208,379108,4069568,"single",268,4.7039346588561,23.5858455664785,0.583174143973126
"70481A",NA,"Hoffmann","70481","present","9/7/23","lake",NA,NA,NA,NA,NA,NA,NA,NA,279047,4192319,"yosemite","yosemite",29802,17.8,2993,279024,4192210,"single",186,5.62736099800246,17.2881847330953,0.74641762284026
"70481B",NA,"Hoffmann","70481","present","9/7/23","lake",NA,NA,NA,NA,NA,NA,NA,NA,279032,4192149,"yosemite","yosemite",29802,17.8,2993,279024,4192210,"single",292,5.85658478867971,25.4443107418832,0.715105036325787
"50837A",NA,"Matlock","50837","naive","7/7/23","lake",NA,NA,NA,NA,NA,NA,NA,NA,378884,4069662,"inyo-nf","john-muir",36270,NA,3219,378835,4069495,"single",943,7.12218618680632,60.9678247108662,0.7207877791058
"50837B",NA,"Matlock","50837","naive","7/7/23","lake",NA,NA,NA,NA,NA,NA,NA,NA,378903,4069511,"inyo-nf","john-muir",36270,NA,3219,378835,4069495,"single",842,6.58811842668563,57.9849679500032,0.677952026787774
"50356A",NA,"Rock Creek","50356","present","7/12/23","lake",NA,NA,NA,NA,NA,NA,NA,NA,348432,4145331,"inyo-nf","john-muir",12839,2.5,3169,348483,4145360,"single",440,4.73394890694632,34.6519464009139,0.539090648986318
"50356B",NA,"Rock Creek","50356","present","7/12/23","lake",NA,NA,NA,NA,NA,NA,NA,NA,348413,4145422,"inyo-nf","john-muir",12839,2.5,3169,348483,4145360,"single",400,4.77798769066498,34.1862496718944,0.552761127182693
"10223A",NA,"Barrett","10223","present","9/11/23","lake",NA,NA,NA,NA,NA,NA,NA,NA,363691,4105358,"kings-canyon","kings-canyon",40331,14.8,3495,363665,4105430,"single",161,4.65659514361299,16.1702860455159,0.635199555667393
"10223B",NA,"Barrett","10223","present","9/11/23","lake",NA,NA,NA,NA,NA,NA,NA,NA,363496,4105401,"kings-canyon","kings-canyon",40331,14.8,3495,363665,4105430,"single",178,4.69492420823324,19.5070256426171,0.628021885957794
"10055A",NA,"Hermit","10055","present","8/29/23","lake",NA,NA,NA,NA,NA,NA,NA,NA,NA,NA,"kings-canyon","kings-canyon",29282,5.5,3371,346992,4113858,"single",225,4.77082132282454,23.183993570036,0.61056500125536
"10055B",NA,"Hermit","10055","present","8/29/23","lake",NA,NA,NA,NA,NA,NA,NA,NA,NA,NA,"kings-canyon","kings-canyon",29282,5.5,3371,346992,4113858,"single",221,4.96527864265074,24.7447004948427,0.637563015816513
"70413A",NA,"South Lyell","70413","present","8/25/23","lake",NA,NA,NA,NA,NA,NA,NA,NA,298885,4177135,"yosemite","yosemite",22555,10.5,3322,299001,4177160,"cooccurring",206,4.68732987175056,17.4980547088658,0.609813250538899
"70413B",NA,"South Lyell","70413","present","8/25/23","lake",NA,NA,NA,NA,NA,NA,NA,NA,299142,4177201,"yosemite","yosemite",22555,10.5,3322,299001,4177160,"cooccurring",301,5.11076856592546,25.0907658210535,0.620719533639763
"70279A",NA,"South Lyell","70279","present","8/25/23","lake",NA,NA,NA,NA,NA,NA,NA,NA,299258,4176897,"yosemite","yosemite",12647,4.5,3335,299332,4176920,"single",193,4.77315398805582,19.8102136019513,0.628670529793778
"70279B",NA,"South Lyell","70279","present","8/25/23","lake",NA,NA,NA,NA,NA,NA,NA,NA,299356,4176995,"yosemite","yosemite",12647,4.5,3335,299332,4176920,"single",209,4.98325838183174,21.1434769160717,0.646558476961268
"11008A",NA,"Forester","11008","naive","7/19/23","lake",NA,NA,NA,NA,NA,NA,NA,NA,NA,NA,"kings-canyon","kings-canyon",1987,3,3435,NA,NA,"cooccurring",538,5.62751854624544,40.6296724622713,0.620354064353901
"11008B",NA,"Forester","11008","naive","7/19/23","lake",NA,NA,NA,NA,NA,NA,NA,NA,NA,NA,"kings-canyon","kings-canyon",1987,3,3435,NA,NA,"cooccurring",449,5.15980208643763,36.8459371600422,0.585637606769113
"11009A",NA,"Forester","11009","naive","7/19/23","lake",NA,NA,NA,NA,NA,NA,NA,NA,377703,4064307,"kings-canyon","kings-canyon",2408,3.5,3430,377734,4064317,"single",1005,7.13093589705386,66.6587071804197,0.715025604184701
"11009B",NA,"Forester","11009","naive","7/19/23","lake",NA,NA,NA,NA,NA,NA,NA,NA,377743,4064306,"kings-canyon","kings-canyon",2408,3.5,3430,377734,4064317,"single",1602,8.89783442589982,93.403390757875,0.835818139610043
